report_id,citation_key,modality,fidelity,utility,privacy,equity,robustness,evaluability_gate
STB-001,jordon2019pategan,Tabular EHR,2,2,4,0,2,Conditional
STB-002,torfi2020corgan,Tabular EHR,2,2,2,0,0,Conditional
STB-003,beyki2021scorgan,Tabular EHR,2,2,0,0,0,Conditional
STB-004,harder2021dpmerf,Tabular EHR,2,2,4,0,2,Conditional
STB-005,ceritli2023tabddpmehr,Tabular EHR,2,2,2,0,0,Conditional
STB-006,chen2025synthehrella,Tabular EHR,4,4,2,0,3,Conditional
STB-007,ramachandranpillai2024btgan,Tabular EHR,3,3,0,3,0,Conditional
STB-008,hao2024llmsyn,Tabular EHR,2,2,1,0,0,Conditional
STB-009,kotal2024contextgan,Tabular EHR,2,2,2,0,0,Conditional
STB-010,hu2025synqp,Tabular EHR,2,2,2,0,0,Pass
STB-011,kita2025multimorbidity,Tabular EHR,2,2,2,0,0,Fail
STB-012,fridadar2018livergan,Medical imaging,3,3,0,0,0,Conditional
STB-013,costa2018retinal,Medical imaging,3,4,1,0,3,Pass
STB-014,armanious2020medgan,Medical imaging,3,0,0,0,0,Conditional
STB-015,shin2020gandalf,Medical imaging,0,2,0,0,0,Conditional
STB-016,pinaya2022brainldm,Medical imaging,3,0,0,0,2,Conditional
STB-017,carrilloperez2024rnacdm,Medical imaging,3,3,0,0,3,Conditional
STB-018,zanier2024tomoray,Medical imaging,2,0,0,0,3,Conditional
STB-019,alimozzaman2025imaging,Medical imaging,2,2,1,0,0,Fail
STB-020,yoon2019timegan,Clinical time series,3,1,0,0,0,Conditional
STB-021,golany2019pgans,Clinical time series,1,3,0,0,0,Pass
STB-022,biswal2021eva,Clinical time series,3,3,2,0,0,Conditional
STB-023,ashrafi2023ppgan,Clinical time series,2,2,2,0,0,Conditional
STB-024,naseer2023scoehr,Tabular EHR,3,2,2,0,2,Pass
STB-025,yoon2023ehrsafe,Clinical time series,3,3,3,2,0,Conditional
STB-026,tian2024timediff,Clinical time series,3,3,2,0,2,Conditional
STB-027,mawaldi2024llama2thesis,Clinical text,2,2,0,0,0,Conditional
STB-028,xu2024clingen,Clinical text,3,3,0,0,3,Conditional
STB-029,hu2025clinicalie,Clinical text,1,3,0,0,3,Conditional
STB-030,miranda2024spanishdp,Clinical text,2,1,3,0,2,Conditional
