date,report_id_or_tab,field,old_value,new_value,reason,source,adjudication_status
2026-07-21,Workbook,structure,Single legacy extraction table,Dated raw snapshot plus audit/codebook/summary/change-log/benchmark tabs,Preserve the inherited table while creating an auditable corrected layer,User-authorized production audit,Applied
2026-07-21,STB-002,formal differential privacy,DP or epsilon implied,No formal DP; empirical cosine-similarity privacy test,Primary source contains no DP mechanism epsilon or delta,https://cdn.aaai.org/ocs/18458/18458-79398-1-PB.pdf,Human adjudication pending
2026-07-21,STB-023,formal differential privacy,DP-SGD attributed to PPGAN,Empirical membership inference only; DPGAN is a comparator,The evaluated PPGAN pipeline reports no DP-SGD epsilon delta or accountant,https://arxiv.org/abs/2402.14042,Human adjudication pending
2026-07-21,STB-010,architecture_family,GAN,Evaluation framework,SynQP evaluates generators but is not itself a generator,https://doi.org/10.1109/PST65910.2025.11268831,Human adjudication pending
2026-07-21,STB-020,dataset_names,MIMIC-III,Private lung-cancer clinical pathway data,Primary TimeGAN clinical experiment does not use MIMIC-III,https://papers.neurips.cc/paper_files/paper/2019/hash/c9efe5f26cd17ba6216bbe2a7d26d490-Abstract.html,Human adjudication pending
2026-07-21,STB-024,modality,Clinical time series,Tabular EHR,Generated output is structured tabular EHR data,https://proceedings.mlr.press/v219/naseer23a.html,Human adjudication pending
2026-07-21,STB-007,privacy evidence,Ethnicity leakage treated as patient privacy,Fairness and bias-amplification evidence only,Ethnicity predictability is an equity test rather than membership or attribute disclosure,https://doi.org/10.1613/jair.1.15317,Human adjudication pending
2026-07-21,STB-009,formal differential privacy,Formal DP assumed,DP claimed but formal guarantee not verified,Source omits a numeric privacy budget and complete accounting fields,https://doi.org/10.1109/BigData62323.2024.10826047,Human adjudication pending
2026-07-21,STB-017,bibliographic identifier,Unrelated arXiv identifier,10.1038/s41551-024-01193-8,Primary-source identity correction,https://doi.org/10.1038/s41551-024-01193-8,Human adjudication pending
2026-07-21,STB-027,publication identity,Journal paper attribution,Stockholm University master's thesis,Primary-source identity and publication-type correction,https://su.diva-portal.org/smash/get/diva2%3A1955754/FULLTEXT01.pdf,Human adjudication pending
2026-07-21,STB-028,bibliographic identifier,Unrelated arXiv identifier,10.18653/v1/2024.findings-acl.916,Primary-source identity correction,https://doi.org/10.18653/v1/2024.findings-acl.916,Human adjudication pending
2026-07-21,STB-029,scope and identifier,Clinical-note generator with unrelated arXiv ID,Synthetic annotation augmentation; PMCID PMC12919538,The method labels real sentences rather than generating de novo patient notes,https://pmc.ncbi.nlm.nih.gov/articles/PMC12919538/,Human adjudication pending
2026-07-21,STB-030,formal differential privacy,DP treated as verified,DP claimed; formal guarantee incomplete,Numeric epsilon is reported but delta accountant clipping/noise and adjacency are absent,https://openreview.net/forum?id=0hxBH0dEKu,Human adjudication pending
2026-07-21,Corpus,MIMIC-III count,13 or 14 of 30,12 of 30 (40.0%),Recomputed from primary-source-verified rows,data/study_annotations.csv,Applied; human adjudication pending
2026-07-21,Corpus,publication status,30 peer-reviewed studies,30 included reports: 26 peer reviewed 3 not peer reviewed 1 unclear,The denominator includes two theses and a preprint,data/study_annotations.csv,Applied; human adjudication pending
2026-07-21,Methods,eligibility rule,Privacy both optional and required,At least one fidelity utility or privacy evaluation; privacy absence is an audit result,Resolve the inherited eligibility contradiction,benchmark_spec.md,Applied; human adjudication pending
