report_id,citation_key,evaluability_gate,objective_omissions,basis
STB-001,jordon2019pategan,Conditional,dataset/cohort version,Objective omissions plus source-level evidence notes
STB-002,torfi2020corgan,Conditional,dataset/cohort version,Objective omissions plus source-level evidence notes
STB-003,beyki2021scorgan,Conditional,dataset/cohort version,Objective omissions plus source-level evidence notes
STB-004,harder2021dpmerf,Conditional,dataset/cohort version,Objective omissions plus source-level evidence notes
STB-005,ceritli2023tabddpmehr,Conditional,runnable public code; dataset/cohort version,Objective omissions plus source-level evidence notes
STB-006,chen2025synthehrella,Conditional,dataset/cohort version,Objective omissions plus source-level evidence notes
STB-007,ramachandranpillai2024btgan,Conditional,runnable public code; dataset/cohort version,Objective omissions plus source-level evidence notes
STB-008,hao2024llmsyn,Conditional,runnable public code; dataset/cohort version,Objective omissions plus source-level evidence notes
STB-009,kotal2024contextgan,Conditional,runnable public code; dataset/cohort version,Objective omissions plus source-level evidence notes
STB-010,hu2025synqp,Pass,None,Objective minimum fields present; source-level judgment retained
STB-011,kita2025multimorbidity,Fail,runnable public code; held-out split logic,Objective omissions plus source-level evidence notes
STB-012,fridadar2018livergan,Conditional,runnable public code; lawful reproducibility pathway,Objective omissions plus source-level evidence notes
STB-013,costa2018retinal,Pass,None,Objective minimum fields present; source-level judgment retained
STB-014,armanious2020medgan,Conditional,runnable public code; lawful reproducibility pathway; seeds or repeats,Objective omissions plus source-level evidence notes
STB-015,shin2020gandalf,Conditional,runnable public code; seeds or repeats,Objective omissions plus source-level evidence notes
STB-016,pinaya2022brainldm,Conditional,runnable public code,Objective omissions plus source-level evidence notes
STB-017,carrilloperez2024rnacdm,Conditional,dataset/cohort version,Objective omissions plus source-level evidence notes
STB-018,zanier2024tomoray,Conditional,runnable public code,Objective omissions plus source-level evidence notes
STB-019,alimozzaman2025imaging,Fail,runnable public code; held-out split logic,Objective omissions plus source-level evidence notes
STB-020,yoon2019timegan,Conditional,None,Objective minimum fields present; source-level judgment retained
STB-021,golany2019pgans,Pass,None,Objective minimum fields present; source-level judgment retained
STB-022,biswal2021eva,Conditional,runnable public code; lawful reproducibility pathway,Objective omissions plus source-level evidence notes
STB-023,ashrafi2023ppgan,Conditional,runnable public code; lawful reproducibility pathway; seeds or repeats; held-out split logic,Objective omissions plus source-level evidence notes
STB-024,naseer2023scoehr,Pass,None,Objective minimum fields present; source-level judgment retained
STB-025,yoon2023ehrsafe,Conditional,runnable public code; seeds or repeats,Objective omissions plus source-level evidence notes
STB-026,tian2024timediff,Conditional,dataset/cohort version,Objective omissions plus source-level evidence notes
STB-027,mawaldi2024llama2thesis,Conditional,runnable public code; seeds or repeats,Objective omissions plus source-level evidence notes
STB-028,xu2024clingen,Conditional,dataset/cohort version,Objective omissions plus source-level evidence notes
STB-029,hu2025clinicalie,Conditional,runnable public code; dataset/cohort version,Objective omissions plus source-level evidence notes
STB-030,miranda2024spanishdp,Conditional,runnable public code,Objective omissions plus source-level evidence notes
